[
{
  "model": "admin.logentry",
  "pk": 1,
  "fields": {
    "action_time": "2023-02-28T15:27:12.421Z",
    "user": 2,
    "content_type": 3,
    "object_id": "1",
    "object_repr": "BasicUsers",
    "action_flag": 2,
    "change_message": "[{\"changed\": {\"fields\": [\"Name\"]}}]"
  }
},
{
  "model": "auth.permission",
  "pk": 1,
  "fields": {
    "name": "Can add log entry",
    "content_type": 1,
    "codename": "add_logentry"
  }
},
{
  "model": "auth.permission",
  "pk": 2,
  "fields": {
    "name": "Can change log entry",
    "content_type": 1,
    "codename": "change_logentry"
  }
},
{
  "model": "auth.permission",
  "pk": 3,
  "fields": {
    "name": "Can delete log entry",
    "content_type": 1,
    "codename": "delete_logentry"
  }
},
{
  "model": "auth.permission",
  "pk": 4,
  "fields": {
    "name": "Can view log entry",
    "content_type": 1,
    "codename": "view_logentry"
  }
},
{
  "model": "auth.permission",
  "pk": 5,
  "fields": {
    "name": "Can add permission",
    "content_type": 2,
    "codename": "add_permission"
  }
},
{
  "model": "auth.permission",
  "pk": 6,
  "fields": {
    "name": "Can change permission",
    "content_type": 2,
    "codename": "change_permission"
  }
},
{
  "model": "auth.permission",
  "pk": 7,
  "fields": {
    "name": "Can delete permission",
    "content_type": 2,
    "codename": "delete_permission"
  }
},
{
  "model": "auth.permission",
  "pk": 8,
  "fields": {
    "name": "Can view permission",
    "content_type": 2,
    "codename": "view_permission"
  }
},
{
  "model": "auth.permission",
  "pk": 9,
  "fields": {
    "name": "Can add group",
    "content_type": 3,
    "codename": "add_group"
  }
},
{
  "model": "auth.permission",
  "pk": 10,
  "fields": {
    "name": "Can change group",
    "content_type": 3,
    "codename": "change_group"
  }
},
{
  "model": "auth.permission",
  "pk": 11,
  "fields": {
    "name": "Can delete group",
    "content_type": 3,
    "codename": "delete_group"
  }
},
{
  "model": "auth.permission",
  "pk": 12,
  "fields": {
    "name": "Can view group",
    "content_type": 3,
    "codename": "view_group"
  }
},
{
  "model": "auth.permission",
  "pk": 13,
  "fields": {
    "name": "Can add content type",
    "content_type": 4,
    "codename": "add_contenttype"
  }
},
{
  "model": "auth.permission",
  "pk": 14,
  "fields": {
    "name": "Can change content type",
    "content_type": 4,
    "codename": "change_contenttype"
  }
},
{
  "model": "auth.permission",
  "pk": 15,
  "fields": {
    "name": "Can delete content type",
    "content_type": 4,
    "codename": "delete_contenttype"
  }
},
{
  "model": "auth.permission",
  "pk": 16,
  "fields": {
    "name": "Can view content type",
    "content_type": 4,
    "codename": "view_contenttype"
  }
},
{
  "model": "auth.permission",
  "pk": 17,
  "fields": {
    "name": "Can add session",
    "content_type": 5,
    "codename": "add_session"
  }
},
{
  "model": "auth.permission",
  "pk": 18,
  "fields": {
    "name": "Can change session",
    "content_type": 5,
    "codename": "change_session"
  }
},
{
  "model": "auth.permission",
  "pk": 19,
  "fields": {
    "name": "Can delete session",
    "content_type": 5,
    "codename": "delete_session"
  }
},
{
  "model": "auth.permission",
  "pk": 20,
  "fields": {
    "name": "Can view session",
    "content_type": 5,
    "codename": "view_session"
  }
},
{
  "model": "auth.permission",
  "pk": 21,
  "fields": {
    "name": "Can add user",
    "content_type": 6,
    "codename": "add_myuser"
  }
},
{
  "model": "auth.permission",
  "pk": 22,
  "fields": {
    "name": "Can change user",
    "content_type": 6,
    "codename": "change_myuser"
  }
},
{
  "model": "auth.permission",
  "pk": 23,
  "fields": {
    "name": "Can delete user",
    "content_type": 6,
    "codename": "delete_myuser"
  }
},
{
  "model": "auth.permission",
  "pk": 24,
  "fields": {
    "name": "Can view user",
    "content_type": 6,
    "codename": "view_myuser"
  }
},
{
  "model": "auth.permission",
  "pk": 25,
  "fields": {
    "name": "Can add contributor",
    "content_type": 7,
    "codename": "add_contributor"
  }
},
{
  "model": "auth.permission",
  "pk": 26,
  "fields": {
    "name": "Can change contributor",
    "content_type": 7,
    "codename": "change_contributor"
  }
},
{
  "model": "auth.permission",
  "pk": 27,
  "fields": {
    "name": "Can delete contributor",
    "content_type": 7,
    "codename": "delete_contributor"
  }
},
{
  "model": "auth.permission",
  "pk": 28,
  "fields": {
    "name": "Can view contributor",
    "content_type": 7,
    "codename": "view_contributor"
  }
},
{
  "model": "auth.permission",
  "pk": 29,
  "fields": {
    "name": "Can add project",
    "content_type": 8,
    "codename": "add_project"
  }
},
{
  "model": "auth.permission",
  "pk": 30,
  "fields": {
    "name": "Can change project",
    "content_type": 8,
    "codename": "change_project"
  }
},
{
  "model": "auth.permission",
  "pk": 31,
  "fields": {
    "name": "Can delete project",
    "content_type": 8,
    "codename": "delete_project"
  }
},
{
  "model": "auth.permission",
  "pk": 32,
  "fields": {
    "name": "Can view project",
    "content_type": 8,
    "codename": "view_project"
  }
},
{
  "model": "auth.permission",
  "pk": 33,
  "fields": {
    "name": "Can add issue",
    "content_type": 9,
    "codename": "add_issue"
  }
},
{
  "model": "auth.permission",
  "pk": 34,
  "fields": {
    "name": "Can change issue",
    "content_type": 9,
    "codename": "change_issue"
  }
},
{
  "model": "auth.permission",
  "pk": 35,
  "fields": {
    "name": "Can delete issue",
    "content_type": 9,
    "codename": "delete_issue"
  }
},
{
  "model": "auth.permission",
  "pk": 36,
  "fields": {
    "name": "Can view issue",
    "content_type": 9,
    "codename": "view_issue"
  }
},
{
  "model": "auth.permission",
  "pk": 37,
  "fields": {
    "name": "Can add comment",
    "content_type": 10,
    "codename": "add_comment"
  }
},
{
  "model": "auth.permission",
  "pk": 38,
  "fields": {
    "name": "Can change comment",
    "content_type": 10,
    "codename": "change_comment"
  }
},
{
  "model": "auth.permission",
  "pk": 39,
  "fields": {
    "name": "Can delete comment",
    "content_type": 10,
    "codename": "delete_comment"
  }
},
{
  "model": "auth.permission",
  "pk": 40,
  "fields": {
    "name": "Can view comment",
    "content_type": 10,
    "codename": "view_comment"
  }
},
{
  "model": "auth.group",
  "pk": 1,
  "fields": {
    "name": "BasicUsers",
    "permissions": [
      29,
      32
    ]
  }
},
{
  "model": "auth.group",
  "pk": 2,
  "fields": {
    "name": "ProjectContributor",
    "permissions": [
      29,
      30,
      31,
      32
    ]
  }
},
{
  "model": "contenttypes.contenttype",
  "pk": 1,
  "fields": {
    "app_label": "admin",
    "model": "logentry"
  }
},
{
  "model": "contenttypes.contenttype",
  "pk": 2,
  "fields": {
    "app_label": "auth",
    "model": "permission"
  }
},
{
  "model": "contenttypes.contenttype",
  "pk": 3,
  "fields": {
    "app_label": "auth",
    "model": "group"
  }
},
{
  "model": "contenttypes.contenttype",
  "pk": 4,
  "fields": {
    "app_label": "contenttypes",
    "model": "contenttype"
  }
},
{
  "model": "contenttypes.contenttype",
  "pk": 5,
  "fields": {
    "app_label": "sessions",
    "model": "session"
  }
},
{
  "model": "contenttypes.contenttype",
  "pk": 6,
  "fields": {
    "app_label": "users",
    "model": "myuser"
  }
},
{
  "model": "contenttypes.contenttype",
  "pk": 7,
  "fields": {
    "app_label": "projects",
    "model": "contributor"
  }
},
{
  "model": "contenttypes.contenttype",
  "pk": 8,
  "fields": {
    "app_label": "projects",
    "model": "project"
  }
},
{
  "model": "contenttypes.contenttype",
  "pk": 9,
  "fields": {
    "app_label": "issues",
    "model": "issue"
  }
},
{
  "model": "contenttypes.contenttype",
  "pk": 10,
  "fields": {
    "app_label": "comments",
    "model": "comment"
  }
},
{
  "model": "sessions.session",
  "pk": "3a3c2cjikf7vqdpzeptnuq9iiamsw7tq",
  "fields": {
    "session_data": ".eJxVjMsOwiAQRf-FtSG8Cy7d-w1kBgapGkhKuzL-uzbpQrf3nHNfLMK21rgNWuKc2Zk5dvrdENKD2g7yHdqt89TbuszId4UfdPBrz_S8HO7fQYVRv7VEgAxaOlVUkFrYorzWJKlgsjShl85mMYVA3oiCwhubUSgSyjhHjtj7A-NCN5s:1pXPAq:-6pw6qW7vQ6pnJnLn1aO9VcjttltDkhXWcoIstd_1dA",
    "expire_date": "2023-03-15T16:19:24.068Z"
  }
},
{
  "model": "users.myuser",
  "pk": 1,
  "fields": {
    "password": "pbkdf2_sha256$390000$tnoSWSneqSRID2xFnAXWXV$1etHUZX0q+xa5xDzD4MnjXeSO5BveODxOA3N4jT2vpE=",
    "last_login": "2023-03-01T15:21:58.078Z",
    "is_superuser": false,
    "username": "user1",
    "is_staff": false,
    "is_active": true,
    "date_joined": "2023-02-28T15:10:09.199Z",
    "first_name": "First name user1",
    "last_name": "Last name user1",
    "email": "user1@email.com",
    "groups": [
      2
    ],
    "user_permissions": []
  }
},
{
  "model": "users.myuser",
  "pk": 2,
  "fields": {
    "password": "pbkdf2_sha256$390000$wUFTmkN5P8LGP1Yb6Kolv0$HU6L+KazThkCd/80p1RSHWUZwMsGTFFhOjb8JJj8Xas=",
    "last_login": "2023-02-28T15:23:42.787Z",
    "is_superuser": true,
    "username": "denis",
    "is_staff": true,
    "is_active": true,
    "date_joined": "2023-02-28T15:22:51.964Z",
    "first_name": "",
    "last_name": "",
    "email": "denis@email.com",
    "groups": [],
    "user_permissions": []
  }
},
{
  "model": "users.myuser",
  "pk": 3,
  "fields": {
    "password": "pbkdf2_sha256$390000$7i6OZQkIDVOmwLrbNuIbP5$SW7UqrNYx1HApH6xLIMQcfJKFHHtJiIY8LJtYJgFbug=",
    "last_login": "2023-03-01T15:43:48.933Z",
    "is_superuser": false,
    "username": "user2",
    "is_staff": false,
    "is_active": true,
    "date_joined": "2023-03-01T08:43:41.822Z",
    "first_name": "First name user2",
    "last_name": "Last name user2",
    "email": "user2@email.com",
    "groups": [
      1,
      2
    ],
    "user_permissions": []
  }
},
{
  "model": "users.myuser",
  "pk": 4,
  "fields": {
    "password": "pbkdf2_sha256$390000$L6TFFHEGd80aaCYYmgyw5O$ZtAYaMTQ1GJijBWqAeRzijnOc8zsTmNXKvufQpqYoNE=",
    "last_login": "2023-03-01T15:54:38.362Z",
    "is_superuser": false,
    "username": "user3",
    "is_staff": false,
    "is_active": true,
    "date_joined": "2023-03-01T08:44:26.225Z",
    "first_name": "First name user3",
    "last_name": "Last name user3",
    "email": "user3@email.com",
    "groups": [
      1,
      2
    ],
    "user_permissions": []
  }
},
{
  "model": "users.myuser",
  "pk": 5,
  "fields": {
    "password": "pbkdf2_sha256$390000$wua8foENl4RY7TP4J7RATo$yIT2ov2ymHAk3dMMDJpAyfGjy7llcIzeST+hpVwWmKY=",
    "last_login": "2023-03-01T16:09:35.689Z",
    "is_superuser": false,
    "username": "user4",
    "is_staff": false,
    "is_active": true,
    "date_joined": "2023-03-01T08:44:53.594Z",
    "first_name": "First name user4",
    "last_name": "Last name user4",
    "email": "user4@email.com",
    "groups": [
      1,
      2
    ],
    "user_permissions": []
  }
},
{
  "model": "users.myuser",
  "pk": 6,
  "fields": {
    "password": "pbkdf2_sha256$390000$qf1C94yFCoKQ1a4vsW2kui$LN0UNUOWwZTI7aZopKjnHj/UfBjrvQyroVqAH74ctU4=",
    "last_login": "2023-03-01T16:19:23.891Z",
    "is_superuser": false,
    "username": "user5",
    "is_staff": false,
    "is_active": true,
    "date_joined": "2023-03-01T08:45:15.396Z",
    "first_name": "First name user5",
    "last_name": "Last name user5",
    "email": "user5@email.com",
    "groups": [
      1,
      2
    ],
    "user_permissions": []
  }
},
{
  "model": "users.myuser",
  "pk": 7,
  "fields": {
    "password": "pbkdf2_sha256$390000$4zL53FlJLTqebORi6QD53Y$n/b5rzPsSUHykR5O8s54bGUYl4al/Ucpan45sx3Sldc=",
    "last_login": null,
    "is_superuser": false,
    "username": "user6",
    "is_staff": false,
    "is_active": true,
    "date_joined": "2023-03-01T08:45:37.357Z",
    "first_name": "First name user6",
    "last_name": "Last name user6",
    "email": "user6@email.com",
    "groups": [
      1
    ],
    "user_permissions": []
  }
},
{
  "model": "projects.contributor",
  "pk": 1,
  "fields": {
    "user": 1,
    "project": 1,
    "role": "OW"
  }
},
{
  "model": "projects.contributor",
  "pk": 2,
  "fields": {
    "user": 1,
    "project": 2,
    "role": "OW"
  }
},
{
  "model": "projects.contributor",
  "pk": 3,
  "fields": {
    "user": 1,
    "project": 3,
    "role": "OW"
  }
},
{
  "model": "projects.contributor",
  "pk": 4,
  "fields": {
    "user": 1,
    "project": 4,
    "role": "OW"
  }
},
{
  "model": "projects.contributor",
  "pk": 5,
  "fields": {
    "user": 1,
    "project": 5,
    "role": "OW"
  }
},
{
  "model": "projects.contributor",
  "pk": 6,
  "fields": {
    "user": 3,
    "project": 6,
    "role": "OW"
  }
},
{
  "model": "projects.contributor",
  "pk": 7,
  "fields": {
    "user": 3,
    "project": 7,
    "role": "OW"
  }
},
{
  "model": "projects.contributor",
  "pk": 8,
  "fields": {
    "user": 3,
    "project": 8,
    "role": "OW"
  }
},
{
  "model": "projects.contributor",
  "pk": 9,
  "fields": {
    "user": 3,
    "project": 9,
    "role": "OW"
  }
},
{
  "model": "projects.contributor",
  "pk": 10,
  "fields": {
    "user": 3,
    "project": 10,
    "role": "OW"
  }
},
{
  "model": "projects.contributor",
  "pk": 11,
  "fields": {
    "user": 4,
    "project": 11,
    "role": "OW"
  }
},
{
  "model": "projects.contributor",
  "pk": 12,
  "fields": {
    "user": 4,
    "project": 12,
    "role": "OW"
  }
},
{
  "model": "projects.contributor",
  "pk": 13,
  "fields": {
    "user": 4,
    "project": 13,
    "role": "OW"
  }
},
{
  "model": "projects.contributor",
  "pk": 14,
  "fields": {
    "user": 4,
    "project": 14,
    "role": "OW"
  }
},
{
  "model": "projects.contributor",
  "pk": 15,
  "fields": {
    "user": 4,
    "project": 15,
    "role": "OW"
  }
},
{
  "model": "projects.contributor",
  "pk": 16,
  "fields": {
    "user": 5,
    "project": 16,
    "role": "OW"
  }
},
{
  "model": "projects.contributor",
  "pk": 17,
  "fields": {
    "user": 5,
    "project": 17,
    "role": "OW"
  }
},
{
  "model": "projects.contributor",
  "pk": 18,
  "fields": {
    "user": 5,
    "project": 18,
    "role": "OW"
  }
},
{
  "model": "projects.contributor",
  "pk": 19,
  "fields": {
    "user": 5,
    "project": 19,
    "role": "OW"
  }
},
{
  "model": "projects.contributor",
  "pk": 20,
  "fields": {
    "user": 6,
    "project": 20,
    "role": "OW"
  }
},
{
  "model": "projects.contributor",
  "pk": 21,
  "fields": {
    "user": 6,
    "project": 21,
    "role": "OW"
  }
},
{
  "model": "projects.contributor",
  "pk": 22,
  "fields": {
    "user": 6,
    "project": 22,
    "role": "OW"
  }
},
{
  "model": "projects.contributor",
  "pk": 23,
  "fields": {
    "user": 6,
    "project": 23,
    "role": "OW"
  }
},
{
  "model": "projects.contributor",
  "pk": 24,
  "fields": {
    "user": 6,
    "project": 24,
    "role": "OW"
  }
},
{
  "model": "projects.contributor",
  "pk": 25,
  "fields": {
    "user": 3,
    "project": 1,
    "role": "CO"
  }
},
{
  "model": "projects.contributor",
  "pk": 26,
  "fields": {
    "user": 6,
    "project": 1,
    "role": "CO"
  }
},
{
  "model": "projects.contributor",
  "pk": 27,
  "fields": {
    "user": 3,
    "project": 2,
    "role": "CO"
  }
},
{
  "model": "projects.contributor",
  "pk": 28,
  "fields": {
    "user": 4,
    "project": 2,
    "role": "CO"
  }
},
{
  "model": "projects.contributor",
  "pk": 29,
  "fields": {
    "user": 3,
    "project": 3,
    "role": "CO"
  }
},
{
  "model": "projects.contributor",
  "pk": 30,
  "fields": {
    "user": 4,
    "project": 3,
    "role": "CO"
  }
},
{
  "model": "projects.contributor",
  "pk": 31,
  "fields": {
    "user": 5,
    "project": 3,
    "role": "CO"
  }
},
{
  "model": "projects.contributor",
  "pk": 32,
  "fields": {
    "user": 4,
    "project": 4,
    "role": "CO"
  }
},
{
  "model": "projects.contributor",
  "pk": 33,
  "fields": {
    "user": 5,
    "project": 4,
    "role": "CO"
  }
},
{
  "model": "projects.contributor",
  "pk": 34,
  "fields": {
    "user": 6,
    "project": 4,
    "role": "CO"
  }
},
{
  "model": "projects.contributor",
  "pk": 35,
  "fields": {
    "user": 5,
    "project": 5,
    "role": "CO"
  }
},
{
  "model": "projects.contributor",
  "pk": 36,
  "fields": {
    "user": 6,
    "project": 5,
    "role": "CO"
  }
},
{
  "model": "projects.contributor",
  "pk": 37,
  "fields": {
    "user": 4,
    "project": 6,
    "role": "CO"
  }
},
{
  "model": "projects.contributor",
  "pk": 38,
  "fields": {
    "user": 4,
    "project": 7,
    "role": "CO"
  }
},
{
  "model": "projects.contributor",
  "pk": 39,
  "fields": {
    "user": 5,
    "project": 7,
    "role": "CO"
  }
},
{
  "model": "projects.contributor",
  "pk": 40,
  "fields": {
    "user": 5,
    "project": 8,
    "role": "CO"
  }
},
{
  "model": "projects.contributor",
  "pk": 41,
  "fields": {
    "user": 6,
    "project": 8,
    "role": "CO"
  }
},
{
  "model": "projects.contributor",
  "pk": 42,
  "fields": {
    "user": 6,
    "project": 9,
    "role": "CO"
  }
},
{
  "model": "projects.contributor",
  "pk": 43,
  "fields": {
    "user": 5,
    "project": 11,
    "role": "CO"
  }
},
{
  "model": "projects.contributor",
  "pk": 44,
  "fields": {
    "user": 6,
    "project": 12,
    "role": "CO"
  }
},
{
  "model": "projects.contributor",
  "pk": 45,
  "fields": {
    "user": 1,
    "project": 13,
    "role": "CO"
  }
},
{
  "model": "projects.contributor",
  "pk": 46,
  "fields": {
    "user": 3,
    "project": 14,
    "role": "CO"
  }
},
{
  "model": "projects.contributor",
  "pk": 47,
  "fields": {
    "user": 4,
    "project": 16,
    "role": "CO"
  }
},
{
  "model": "projects.contributor",
  "pk": 48,
  "fields": {
    "user": 3,
    "project": 17,
    "role": "CO"
  }
},
{
  "model": "projects.contributor",
  "pk": 49,
  "fields": {
    "user": 4,
    "project": 17,
    "role": "CO"
  }
},
{
  "model": "projects.contributor",
  "pk": 50,
  "fields": {
    "user": 1,
    "project": 18,
    "role": "CO"
  }
},
{
  "model": "projects.contributor",
  "pk": 51,
  "fields": {
    "user": 3,
    "project": 18,
    "role": "CO"
  }
},
{
  "model": "projects.contributor",
  "pk": 52,
  "fields": {
    "user": 1,
    "project": 19,
    "role": "CO"
  }
},
{
  "model": "projects.contributor",
  "pk": 53,
  "fields": {
    "user": 5,
    "project": 20,
    "role": "CO"
  }
},
{
  "model": "projects.contributor",
  "pk": 54,
  "fields": {
    "user": 4,
    "project": 21,
    "role": "CO"
  }
},
{
  "model": "projects.contributor",
  "pk": 55,
  "fields": {
    "user": 5,
    "project": 21,
    "role": "CO"
  }
},
{
  "model": "projects.contributor",
  "pk": 56,
  "fields": {
    "user": 3,
    "project": 22,
    "role": "CO"
  }
},
{
  "model": "projects.contributor",
  "pk": 57,
  "fields": {
    "user": 4,
    "project": 22,
    "role": "CO"
  }
},
{
  "model": "projects.contributor",
  "pk": 58,
  "fields": {
    "user": 1,
    "project": 23,
    "role": "CO"
  }
},
{
  "model": "projects.contributor",
  "pk": 59,
  "fields": {
    "user": 3,
    "project": 23,
    "role": "CO"
  }
},
{
  "model": "projects.contributor",
  "pk": 60,
  "fields": {
    "user": 1,
    "project": 24,
    "role": "CO"
  }
},
{
  "model": "projects.project",
  "pk": 1,
  "fields": {
    "title": "Projet 1-1",
    "description": "Description",
    "type": "BE"
  }
},
{
  "model": "projects.project",
  "pk": 2,
  "fields": {
    "title": "Projet 1-2",
    "description": "Description",
    "type": "FE"
  }
},
{
  "model": "projects.project",
  "pk": 3,
  "fields": {
    "title": "Projet 1-3",
    "description": "Description",
    "type": "AD"
  }
},
{
  "model": "projects.project",
  "pk": 4,
  "fields": {
    "title": "Projet 1-4",
    "description": "Description",
    "type": "IO"
  }
},
{
  "model": "projects.project",
  "pk": 5,
  "fields": {
    "title": "Projet 1-5",
    "description": "Description",
    "type": "BE"
  }
},
{
  "model": "projects.project",
  "pk": 6,
  "fields": {
    "title": "Projet 2-1",
    "description": "Description",
    "type": "FE"
  }
},
{
  "model": "projects.project",
  "pk": 7,
  "fields": {
    "title": "Projet 2-2",
    "description": "Description",
    "type": "AD"
  }
},
{
  "model": "projects.project",
  "pk": 8,
  "fields": {
    "title": "Projet 2-3",
    "description": "Description",
    "type": "IO"
  }
},
{
  "model": "projects.project",
  "pk": 9,
  "fields": {
    "title": "Projet 2-4",
    "description": "Description",
    "type": "BE"
  }
},
{
  "model": "projects.project",
  "pk": 10,
  "fields": {
    "title": "Projet 2-5",
    "description": "Description",
    "type": "FE"
  }
},
{
  "model": "projects.project",
  "pk": 11,
  "fields": {
    "title": "Projet 3-1",
    "description": "Description",
    "type": "AD"
  }
},
{
  "model": "projects.project",
  "pk": 12,
  "fields": {
    "title": "Projet 3-2",
    "description": "Description",
    "type": "IO"
  }
},
{
  "model": "projects.project",
  "pk": 13,
  "fields": {
    "title": "Projet 3-3",
    "description": "Description",
    "type": "BE"
  }
},
{
  "model": "projects.project",
  "pk": 14,
  "fields": {
    "title": "Projet 3-4",
    "description": "Description",
    "type": "FE"
  }
},
{
  "model": "projects.project",
  "pk": 15,
  "fields": {
    "title": "Projet 3-5",
    "description": "Description",
    "type": "AD"
  }
},
{
  "model": "projects.project",
  "pk": 16,
  "fields": {
    "title": "Projet 4-1",
    "description": "Description",
    "type": "IO"
  }
},
{
  "model": "projects.project",
  "pk": 17,
  "fields": {
    "title": "Projet 4-2",
    "description": "Description",
    "type": "BE"
  }
},
{
  "model": "projects.project",
  "pk": 18,
  "fields": {
    "title": "Projet 4-4",
    "description": "Description",
    "type": "AD"
  }
},
{
  "model": "projects.project",
  "pk": 19,
  "fields": {
    "title": "Projet 4-5",
    "description": "Description",
    "type": "IO"
  }
},
{
  "model": "projects.project",
  "pk": 20,
  "fields": {
    "title": "Projet 5-1",
    "description": "Description",
    "type": "BE"
  }
},
{
  "model": "projects.project",
  "pk": 21,
  "fields": {
    "title": "Projet 5-2",
    "description": "Description",
    "type": "FE"
  }
},
{
  "model": "projects.project",
  "pk": 22,
  "fields": {
    "title": "Projet 5-3",
    "description": "Description",
    "type": "AD"
  }
},
{
  "model": "projects.project",
  "pk": 23,
  "fields": {
    "title": "Projet 5-4",
    "description": "Description",
    "type": "IO"
  }
},
{
  "model": "projects.project",
  "pk": 24,
  "fields": {
    "title": "Projet 5-5",
    "description": "Description",
    "type": "BE"
  }
}
]
